http://marketo.jobs/careers/ofwe3fwM/sr-linux-systems-administrator,Marketo,Marketo,www.marketo.com
https://www.facebook.com/careers/jobs/a0I1200000IA69QEAT/?q=Engineer&location=menlo-park,Facebook,,l.facebook.com
http://www.indeed.com/viewjob?jk=5efa3a3a5b85f084&q=Looker&tk=1b0ai0v915tbjdou&from=web,Zymergen,"Tableau, Python",www.zymergen.com
"http://www.indeed.com/viewjob?jk=8539193e3a45a062&q=sales+operations&l=San+Francisco,+CA&tk=1aevt39cab9rbe1v&from=web",Clever,"Tableau, IBM Unica Optimize, Domo",
https://jobs.lever.co/creditkarma/84f30f54-eadb-4f47-bc05-180db1ea8bcd?lever-source=indeed,Not,,
https://www.dice.com/jobs/detail/Electrical-Engineer-Confidential-Company-Columbia-MD-21046/10458291/729351?icid=sr1-1p&q=Engineer&l=,NORTHROP,"ANSYS Mechanical, Tibco ActiveMatrix Service Grid, Google Analytics, Microsoft, VMware vShield App, Informatica Data Quality, SAP, Google, Exact, Google DoubleClick, Tibco Silver, Taleo Recruiting, Blackboard Mobile, Barracuda Web Filter, IBM Rational Developer, AT&T",
https://www.dice.com/jobs/detail/Converged-Infrastructure-SW-Engineer-%28JAVA%29-NetApp-Research-Triangle-Park-NC-27709/netapbot/40529BRDIC?icid=sr9-1p&q=Engineer&l=,Inc,"Java, Amazon AWS, JBoss Enterprise BRMS, Google Analytics, Microsoft, VMware vShield App, Tenable Network Security, SAP, Google, Exact, Google DoubleClick, VMware vSphere, Nortel Passport, Taleo Recruiting, Blackboard Mobile, Barracuda Web Filter, Microsoft Dynamics, Siebel Web Services, IBM Rational Developer, AT&T",
http://www.alteryx.com/careers?gnk=job&gni=8a78824757fe128501580543258865b7&gns=Indeed,Alteryx,"Microsoft, Cloudera, Tableau, IBM Rational Developer, Siebel Web Services, Alteryx, Digital Ocean",pages.alteryx.com
https://www.smartrecruiters.com/Pluralsight/100551700-software-engineer,Pluralsight,"Microsoft Visual Studio, GitHub, PostgreSQL, Apache Cassandra, Pivotal vFabric RabbitMQ",
https://www.jobaps.com/OK/sup/bulpreview.asp?R1=161024&R2=S10A&R3=08&utm_source=Indeed&utm_medium=organic&utm_campaign=Indeed,JobAps,"FileMaker Go, Informatica Data Quality",www.jobaps.com
https://barrick.taleo.net/careersection/2/jobdetail.ftl?lang=en&job=079768,Barrick,,jobs.barrick.com
http://www.indeed.com/cmp/HERO/jobs/Senior-Data-Engineer-8b30162dd9eaf100?q=Looker,HERO,"Java, SAS ETL, Amazon AWS, MongoDB, Amazon DynamoDB, Python, MySQL, Tableau, Apache Hadoop, Apache Cassandra, Amazon Redshift, Apache Spark, Linux",HERO.jobs
https://boards.greenhouse.io/managedbyq/jobs/242815?gh_src=h5mop0#.WBXK5XV96uU,Managed By Q,,managedbyq.com
https://skroutz.workable.com/jobs/358637,,,
